[{"type":"Rectangle","text":"","font":{"name":"Verdana","style":1,"size":12,"pointSize":12.0,"fontSerializedDataVersion":1},"x1":178,"y1":166,"x2":227,"y2":206,"r":0,"g":0,"b":0,"st":0},{"type":"Rectangle","text":"","font":{"name":"Verdana","style":1,"size":12,"pointSize":12.0,"fontSerializedDataVersion":1},"x1":285,"y1":137,"x2":384,"y2":188,"r":0,"g":0,"b":0,"st":0},{"type":"Rectangle","text":"","font":{"name":"Verdana","style":1,"size":12,"pointSize":12.0,"fontSerializedDataVersion":1},"x1":228,"y1":206,"x2":228,"y2":206,"r":0,"g":0,"b":0,"st":0},{"type":"Rectangle","text":"","font":{"name":"Verdana","style":1,"size":12,"pointSize":12.0,"fontSerializedDataVersion":1},"x1":384,"y1":188,"x2":387,"y2":193,"r":0,"g":0,"b":0,"st":0},{"type":"Rectangle","text":"","font":{"name":"Verdana","style":1,"size":12,"pointSize":12.0,"fontSerializedDataVersion":1},"x1":395,"y1":233,"x2":391,"y2":249,"r":0,"g":0,"b":0,"st":0},{"type":"Rectangle","text":"","font":{"name":"Verdana","style":1,"size":12,"pointSize":12.0,"fontSerializedDataVersion":1},"x1":229,"y1":209,"x2":241,"y2":238,"r":0,"g":0,"b":0,"st":0},{"type":"Rectangle","text":"","font":{"name":"Verdana","style":1,"size":12,"pointSize":12.0,"fontSerializedDataVersion":1},"x1":378,"y1":288,"x2":379,"y2":294,"r":0,"g":0,"b":0,"st":0},{"type":"Rectangle","text":"","font":{"name":"Verdana","style":1,"size":12,"pointSize":12.0,"fontSerializedDataVersion":1},"x1":241,"y1":238,"x2":247,"y2":254,"r":0,"g":0,"b":0,"st":0},{"type":"Rectangle","text":"","font":{"name":"Verdana","style":1,"size":12,"pointSize":12.0,"fontSerializedDataVersion":1},"x1":380,"y1":305,"x2":427,"y2":315,"r":0,"g":0,"b":0,"st":0},{"type":"Rectangle","text":"","font":{"name":"Verdana","style":1,"size":12,"pointSize":12.0,"fontSerializedDataVersion":1},"x1":250,"y1":261,"x2":255,"y2":276,"r":0,"g":0,"b":0,"st":0},{"type":"Rectangle","text":"","font":{"name":"Verdana","style":1,"size":12,"pointSize":12.0,"fontSerializedDataVersion":1},"x1":461,"y1":310,"x2":472,"y2":294,"r":0,"g":0,"b":0,"st":0},{"type":"Rectangle","text":"","font":{"name":"Verdana","style":1,"size":12,"pointSize":12.0,"fontSerializedDataVersion":1},"x1":256,"y1":277,"x2":279,"y2":309,"r":0,"g":0,"b":0,"st":0},{"type":"Rectangle","text":"","font":{"name":"Verdana","style":1,"size":12,"pointSize":12.0,"fontSerializedDataVersion":1},"x1":478,"y1":290,"x2":498,"y2":366,"r":0,"g":0,"b":0,"st":0},{"type":"Rectangle","text":"","font":{"name":"Verdana","style":1,"size":12,"pointSize":12.0,"fontSerializedDataVersion":1},"x1":301,"y1":340,"x2":328,"y2":396,"r":0,"g":0,"b":0,"st":0},{"type":"Rectangle","text":"","font":{"name":"Verdana","style":1,"size":12,"pointSize":12.0,"fontSerializedDataVersion":1},"x1":464,"y1":400,"x2":443,"y2":375,"r":0,"g":0,"b":0,"st":0},{"type":"Rectangle","text":"","font":{"name":"Verdana","style":1,"size":12,"pointSize":12.0,"fontSerializedDataVersion":1},"x1":328,"y1":396,"x2":289,"y2":399,"r":0,"g":0,"b":0,"st":0},{"type":"Rectangle","text":"","font":{"name":"Verdana","style":1,"size":12,"pointSize":12.0,"fontSerializedDataVersion":1},"x1":519,"y1":359,"x2":538,"y2":363,"r":0,"g":0,"b":0,"st":0},{"type":"Rectangle","text":"","font":{"name":"Verdana","style":1,"size":12,"pointSize":12.0,"fontSerializedDataVersion":1},"x1":510,"y1":392,"x2":527,"y2":403,"r":0,"g":0,"b":0,"st":0},{"type":"Rectangle","text":"","font":{"name":"Verdana","style":1,"size":12,"pointSize":12.0,"fontSerializedDataVersion":1},"x1":170,"y1":413,"x2":170,"y2":413,"r":0,"g":0,"b":0,"st":0},{"type":"Rectangle","text":"","font":{"name":"Verdana","style":1,"size":12,"pointSize":12.0,"fontSerializedDataVersion":1},"x1":597,"y1":396,"x2":582,"y2":351,"r":0,"g":0,"b":0,"st":0},{"type":"Rectangle","text":"","font":{"name":"Verdana","style":1,"size":12,"pointSize":12.0,"fontSerializedDataVersion":1},"x1":192,"y1":413,"x2":249,"y2":399,"r":0,"g":0,"b":0,"st":0},{"type":"Rectangle","text":"","font":{"name":"Verdana","style":1,"size":12,"pointSize":12.0,"fontSerializedDataVersion":1},"x1":567,"y1":287,"x2":587,"y2":274,"r":0,"g":0,"b":0,"st":0},{"type":"Rectangle","text":"","font":{"name":"Verdana","style":1,"size":12,"pointSize":12.0,"fontSerializedDataVersion":1},"x1":626,"y1":360,"x2":622,"y2":395,"r":0,"g":0,"b":0,"st":0},{"type":"Rectangle","text":"","font":{"name":"Verdana","style":1,"size":12,"pointSize":12.0,"fontSerializedDataVersion":1},"x1":290,"y1":332,"x2":237,"y2":538,"r":0,"g":0,"b":0,"st":0},{"type":"Rectangle","text":"","font":{"name":"Verdana","style":1,"size":12,"pointSize":12.0,"fontSerializedDataVersion":1},"x1":599,"y1":391,"x2":594,"y2":356,"r":0,"g":0,"b":0,"st":0},{"type":"Rectangle","text":"","font":{"name":"Verdana","style":1,"size":12,"pointSize":12.0,"fontSerializedDataVersion":1},"x1":241,"y1":539,"x2":252,"y2":531,"r":0,"g":0,"b":0,"st":0},{"type":"Rectangle","text":"","font":{"name":"Verdana","style":1,"size":12,"pointSize":12.0,"fontSerializedDataVersion":1},"x1":433,"y1":459,"x2":448,"y2":453,"r":255,"g":255,"b":0,"st":0},{"type":"Rectangle","text":"","font":{"name":"Verdana","style":1,"size":12,"pointSize":12.0,"fontSerializedDataVersion":1},"x1":232,"y1":506,"x2":232,"y2":506,"r":255,"g":0,"b":0,"st":0},{"type":"Rectangle","text":"","font":{"name":"Verdana","style":1,"size":12,"pointSize":12.0,"fontSerializedDataVersion":1},"x1":511,"y1":386,"x2":507,"y2":306,"r":255,"g":255,"b":0,"st":0},{"type":"Rectangle","text":"","font":{"name":"Verdana","style":1,"size":12,"pointSize":12.0,"fontSerializedDataVersion":1},"x1":254,"y1":491,"x2":298,"y2":480,"r":255,"g":0,"b":0,"st":0},{"type":"Rectangle","text":"","font":{"name":"Verdana","style":1,"size":12,"pointSize":12.0,"fontSerializedDataVersion":1},"x1":477,"y1":280,"x2":477,"y2":282,"r":255,"g":255,"b":0,"st":0},{"type":"Rectangle","text":"","font":{"name":"Verdana","style":1,"size":12,"pointSize":12.0,"fontSerializedDataVersion":1},"x1":330,"y1":467,"x2":333,"y2":467,"r":255,"g":0,"b":0,"st":0},{"type":"Rectangle","text":"","font":{"name":"Verdana","style":1,"size":12,"pointSize":12.0,"fontSerializedDataVersion":1},"x1":518,"y1":318,"x2":522,"y2":321,"r":255,"g":255,"b":0,"st":0},{"type":"Rectangle","text":"","font":{"name":"Verdana","style":1,"size":12,"pointSize":12.0,"fontSerializedDataVersion":1},"x1":335,"y1":466,"x2":343,"y2":459,"r":255,"g":0,"b":0,"st":0},{"type":"Rectangle","text":"","font":{"name":"Verdana","style":1,"size":12,"pointSize":12.0,"fontSerializedDataVersion":1},"x1":522,"y1":321,"x2":537,"y2":343,"r":255,"g":255,"b":0,"st":0},{"type":"Rectangle","text":"","font":{"name":"Verdana","style":1,"size":12,"pointSize":12.0,"fontSerializedDataVersion":1},"x1":369,"y1":444,"x2":388,"y2":444,"r":255,"g":0,"b":0,"st":0},{"type":"Rectangle","text":"","font":{"name":"Verdana","style":1,"size":12,"pointSize":12.0,"fontSerializedDataVersion":1},"x1":568,"y1":378,"x2":568,"y2":378,"r":255,"g":255,"b":0,"st":0},{"type":"Rectangle","text":"","font":{"name":"Verdana","style":1,"size":12,"pointSize":12.0,"fontSerializedDataVersion":1},"x1":413,"y1":443,"x2":425,"y2":443,"r":255,"g":0,"b":0,"st":0},{"type":"Rectangle","text":"","font":{"name":"Verdana","style":1,"size":12,"pointSize":12.0,"fontSerializedDataVersion":1},"x1":547,"y1":289,"x2":539,"y2":255,"r":255,"g":255,"b":0,"st":0},{"type":"Rectangle","text":"","font":{"name":"Verdana","style":1,"size":12,"pointSize":12.0,"fontSerializedDataVersion":1},"x1":592,"y1":273,"x2":603,"y2":300,"r":255,"g":255,"b":0,"st":0},{"type":"Rectangle","text":"","font":{"name":"Verdana","style":1,"size":12,"pointSize":12.0,"fontSerializedDataVersion":1},"x1":434,"y1":433,"x2":405,"y2":427,"r":255,"g":0,"b":0,"st":0},{"type":"Rectangle","text":"","font":{"name":"Verdana","style":1,"size":12,"pointSize":12.0,"fontSerializedDataVersion":1},"x1":555,"y1":368,"x2":572,"y2":384,"r":255,"g":255,"b":0,"st":0},{"type":"Rectangle","text":"","font":{"name":"Verdana","style":1,"size":12,"pointSize":12.0,"fontSerializedDataVersion":1},"x1":393,"y1":429,"x2":390,"y2":433,"r":255,"g":0,"b":0,"st":0},{"type":"Rectangle","text":"","font":{"name":"Verdana","style":1,"size":12,"pointSize":12.0,"fontSerializedDataVersion":1},"x1":620,"y1":407,"x2":558,"y2":444,"r":255,"g":255,"b":0,"st":0},{"type":"Rectangle","text":"","font":{"name":"Verdana","style":1,"size":12,"pointSize":12.0,"fontSerializedDataVersion":1},"x1":390,"y1":433,"x2":417,"y2":455,"r":255,"g":0,"b":0,"st":0},{"type":"Rectangle","text":"","font":{"name":"Verdana","style":1,"size":12,"pointSize":12.0,"fontSerializedDataVersion":1},"x1":601,"y1":450,"x2":611,"y2":440,"r":255,"g":255,"b":0,"st":0},{"type":"Rectangle","text":"","font":{"name":"Verdana","style":1,"size":12,"pointSize":12.0,"fontSerializedDataVersion":1},"x1":417,"y1":455,"x2":390,"y2":448,"r":255,"g":0,"b":0,"st":0},{"type":"Rectangle","text":"","font":{"name":"Verdana","style":1,"size":12,"pointSize":12.0,"fontSerializedDataVersion":1},"x1":548,"y1":432,"x2":573,"y2":425,"r":255,"g":255,"b":0,"st":0},{"type":"Rectangle","text":"","font":{"name":"Verdana","style":1,"size":12,"pointSize":12.0,"fontSerializedDataVersion":1},"x1":358,"y1":433,"x2":360,"y2":438,"r":255,"g":0,"b":0,"st":0},{"type":"Rectangle","text":"","font":{"name":"Verdana","style":1,"size":12,"pointSize":12.0,"fontSerializedDataVersion":1},"x1":524,"y1":408,"x2":571,"y2":443,"r":255,"g":255,"b":0,"st":0},{"type":"Rectangle","text":"","font":{"name":"Verdana","style":1,"size":12,"pointSize":12.0,"fontSerializedDataVersion":1},"x1":369,"y1":443,"x2":303,"y2":424,"r":255,"g":0,"b":0,"st":0},{"type":"Rectangle","text":"","font":{"name":"Verdana","style":1,"size":12,"pointSize":12.0,"fontSerializedDataVersion":1},"x1":519,"y1":460,"x2":474,"y2":464,"r":255,"g":255,"b":0,"st":0},{"type":"Rectangle","text":"","font":{"name":"Verdana","style":1,"size":12,"pointSize":12.0,"fontSerializedDataVersion":1},"x1":236,"y1":390,"x2":213,"y2":385,"r":255,"g":0,"b":0,"st":0},{"type":"Rectangle","text":"","font":{"name":"Verdana","style":1,"size":12,"pointSize":12.0,"fontSerializedDataVersion":1},"x1":548,"y1":440,"x2":621,"y2":413,"r":255,"g":255,"b":0,"st":0},{"type":"Rectangle","text":"","font":{"name":"Verdana","style":1,"size":12,"pointSize":12.0,"fontSerializedDataVersion":1},"x1":157,"y1":356,"x2":160,"y2":356,"r":255,"g":0,"b":0,"st":0},{"type":"Rectangle","text":"","font":{"name":"Verdana","style":1,"size":12,"pointSize":12.0,"fontSerializedDataVersion":1},"x1":524,"y1":363,"x2":597,"y2":383,"r":255,"g":255,"b":0,"st":0},{"type":"Rectangle","text":"","font":{"name":"Verdana","style":1,"size":12,"pointSize":12.0,"fontSerializedDataVersion":1},"x1":189,"y1":360,"x2":228,"y2":403,"r":255,"g":0,"b":0,"st":0},{"type":"Rectangle","text":"","font":{"name":"Verdana","style":1,"size":12,"pointSize":12.0,"fontSerializedDataVersion":1},"x1":557,"y1":290,"x2":629,"y2":336,"r":255,"g":255,"b":0,"st":0},{"type":"Rectangle","text":"","font":{"name":"Verdana","style":1,"size":12,"pointSize":12.0,"fontSerializedDataVersion":1},"x1":232,"y1":395,"x2":228,"y2":412,"r":255,"g":0,"b":0,"st":0},{"type":"Rectangle","text":"","font":{"name":"Verdana","style":1,"size":12,"pointSize":12.0,"fontSerializedDataVersion":1},"x1":654,"y1":390,"x2":649,"y2":381,"r":255,"g":255,"b":0,"st":0},{"type":"Rectangle","text":"","font":{"name":"Verdana","style":1,"size":12,"pointSize":12.0,"fontSerializedDataVersion":1},"x1":206,"y1":405,"x2":186,"y2":309,"r":255,"g":0,"b":0,"st":0},{"type":"Rectangle","text":"","font":{"name":"Verdana","style":1,"size":12,"pointSize":12.0,"fontSerializedDataVersion":1},"x1":648,"y1":255,"x2":620,"y2":237,"r":255,"g":255,"b":0,"st":0},{"type":"Rectangle","text":"","font":{"name":"Verdana","style":1,"size":12,"pointSize":12.0,"fontSerializedDataVersion":1},"x1":202,"y1":241,"x2":253,"y2":248,"r":255,"g":0,"b":0,"st":0},{"type":"Rectangle","text":"","font":{"name":"Verdana","style":1,"size":12,"pointSize":12.0,"fontSerializedDataVersion":1},"x1":674,"y1":235,"x2":672,"y2":269,"r":255,"g":255,"b":0,"st":0},{"type":"Rectangle","text":"","font":{"name":"Verdana","style":1,"size":12,"pointSize":12.0,"fontSerializedDataVersion":1},"x1":268,"y1":242,"x2":365,"y2":334,"r":255,"g":0,"b":0,"st":0},{"type":"Rectangle","text":"","font":{"name":"Verdana","style":1,"size":12,"pointSize":12.0,"fontSerializedDataVersion":1},"x1":573,"y1":282,"x2":620,"y2":200,"r":255,"g":255,"b":0,"st":0},{"type":"Rectangle","text":"","font":{"name":"Verdana","style":1,"size":12,"pointSize":12.0,"fontSerializedDataVersion":1},"x1":375,"y1":352,"x2":330,"y2":331,"r":255,"g":0,"b":0,"st":0},{"type":"Rectangle","text":"","font":{"name":"Verdana","style":1,"size":12,"pointSize":12.0,"fontSerializedDataVersion":1},"x1":648,"y1":146,"x2":632,"y2":142,"r":255,"g":255,"b":0,"st":0},{"type":"Rectangle","text":"","font":{"name":"Verdana","style":1,"size":12,"pointSize":12.0,"fontSerializedDataVersion":1},"x1":297,"y1":319,"x2":347,"y2":389,"r":255,"g":0,"b":0,"st":0},{"type":"Rectangle","text":"","font":{"name":"Verdana","style":1,"size":12,"pointSize":12.0,"fontSerializedDataVersion":1},"x1":507,"y1":153,"x2":602,"y2":223,"r":255,"g":255,"b":0,"st":0},{"type":"Rectangle","text":"","font":{"name":"Verdana","style":1,"size":12,"pointSize":12.0,"fontSerializedDataVersion":1},"x1":666,"y1":264,"x2":534,"y2":335,"r":255,"g":255,"b":0,"st":0},{"type":"Rectangle","text":"","font":{"name":"Verdana","style":1,"size":12,"pointSize":12.0,"fontSerializedDataVersion":1},"x1":272,"y1":350,"x2":234,"y2":324,"r":255,"g":0,"b":0,"st":0},{"type":"Rectangle","text":"","font":{"name":"Verdana","style":1,"size":12,"pointSize":12.0,"fontSerializedDataVersion":1},"x1":494,"y1":320,"x2":495,"y2":287,"r":255,"g":255,"b":0,"st":0},{"type":"Rectangle","text":"","font":{"name":"Verdana","style":1,"size":12,"pointSize":12.0,"fontSerializedDataVersion":1},"x1":562,"y1":294,"x2":578,"y2":411,"r":255,"g":255,"b":0,"st":0},{"type":"Rectangle","text":"","font":{"name":"Verdana","style":1,"size":12,"pointSize":12.0,"fontSerializedDataVersion":1},"x1":557,"y1":448,"x2":542,"y2":446,"r":255,"g":255,"b":0,"st":0},{"type":"Rectangle","text":"","font":{"name":"Verdana","style":1,"size":12,"pointSize":12.0,"fontSerializedDataVersion":1},"x1":212,"y1":256,"x2":-9,"y2":376,"r":255,"g":0,"b":0,"st":0},{"type":"Rectangle","text":"","font":{"name":"Verdana","style":1,"size":12,"pointSize":12.0,"fontSerializedDataVersion":1},"x1":477,"y1":431,"x2":513,"y2":420,"r":255,"g":255,"b":0,"st":0},{"type":"Rectangle","text":"","font":{"name":"Verdana","style":1,"size":12,"pointSize":12.0,"fontSerializedDataVersion":1},"x1":653,"y1":398,"x2":639,"y2":361,"r":255,"g":255,"b":0,"st":0},{"type":"Rectangle","text":"","font":{"name":"Verdana","style":1,"size":12,"pointSize":12.0,"fontSerializedDataVersion":1},"x1":55,"y1":332,"x2":122,"y2":334,"r":255,"g":0,"b":0,"st":0},{"type":"Rectangle","text":"","font":{"name":"Verdana","style":1,"size":12,"pointSize":12.0,"fontSerializedDataVersion":1},"x1":612,"y1":348,"x2":615,"y2":350,"r":255,"g":255,"b":0,"st":0},{"type":"Rectangle","text":"","font":{"name":"Verdana","style":1,"size":12,"pointSize":12.0,"fontSerializedDataVersion":1},"x1":122,"y1":334,"x2":133,"y2":358,"r":255,"g":0,"b":0,"st":0},{"type":"Rectangle","text":"","font":{"name":"Verdana","style":1,"size":12,"pointSize":12.0,"fontSerializedDataVersion":1},"x1":611,"y1":352,"x2":601,"y2":321,"r":255,"g":255,"b":0,"st":0},{"type":"Rectangle","text":"","font":{"name":"Verdana","style":1,"size":12,"pointSize":12.0,"fontSerializedDataVersion":1},"x1":156,"y1":352,"x2":195,"y2":318,"r":255,"g":0,"b":0,"st":0},{"type":"Rectangle","text":"","font":{"name":"Verdana","style":1,"size":12,"pointSize":12.0,"fontSerializedDataVersion":1},"x1":602,"y1":272,"x2":603,"y2":272,"r":255,"g":255,"b":0,"st":0},{"type":"Rectangle","text":"","font":{"name":"Verdana","style":1,"size":12,"pointSize":12.0,"fontSerializedDataVersion":1},"x1":226,"y1":278,"x2":232,"y2":277,"r":255,"g":0,"b":0,"st":0},{"type":"Rectangle","text":"","font":{"name":"Verdana","style":1,"size":12,"pointSize":12.0,"fontSerializedDataVersion":1},"x1":618,"y1":310,"x2":619,"y2":320,"r":255,"g":255,"b":0,"st":0},{"type":"Rectangle","text":"","font":{"name":"Verdana","style":1,"size":12,"pointSize":12.0,"fontSerializedDataVersion":1},"x1":632,"y1":366,"x2":643,"y2":399,"r":255,"g":255,"b":0,"st":0},{"type":"Rectangle","text":"","font":{"name":"Verdana","style":1,"size":12,"pointSize":12.0,"fontSerializedDataVersion":1},"x1":232,"y1":277,"x2":269,"y2":378,"r":255,"g":0,"b":0,"st":0},{"type":"Rectangle","text":"","font":{"name":"Verdana","style":1,"size":12,"pointSize":12.0,"fontSerializedDataVersion":1},"x1":277,"y1":390,"x2":306,"y2":439,"r":255,"g":0,"b":0,"st":0},{"type":"Rectangle","text":"","font":{"name":"Verdana","style":1,"size":12,"pointSize":12.0,"fontSerializedDataVersion":1},"x1":621,"y1":413,"x2":620,"y2":418,"r":255,"g":255,"b":0,"st":0},{"type":"Rectangle","text":"","font":{"name":"Verdana","style":1,"size":12,"pointSize":12.0,"fontSerializedDataVersion":1},"x1":620,"y1":434,"x2":620,"y2":436,"r":255,"g":255,"b":0,"st":0},{"type":"Rectangle","text":"","font":{"name":"Verdana","style":1,"size":12,"pointSize":12.0,"fontSerializedDataVersion":1},"x1":322,"y1":468,"x2":333,"y2":497,"r":255,"g":0,"b":0,"st":0},{"type":"Rectangle","text":"","font":{"name":"Verdana","style":1,"size":12,"pointSize":12.0,"fontSerializedDataVersion":1},"x1":619,"y1":440,"x2":636,"y2":441,"r":255,"g":255,"b":0,"st":0},{"type":"Rectangle","text":"","font":{"name":"Verdana","style":1,"size":12,"pointSize":12.0,"fontSerializedDataVersion":1},"x1":331,"y1":501,"x2":337,"y2":532,"r":255,"g":0,"b":0,"st":0},{"type":"Rectangle","text":"","font":{"name":"Verdana","style":1,"size":12,"pointSize":12.0,"fontSerializedDataVersion":1},"x1":686,"y1":423,"x2":659,"y2":353,"r":255,"g":255,"b":0,"st":0},{"type":"Rectangle","text":"","font":{"name":"Verdana","style":1,"size":12,"pointSize":12.0,"fontSerializedDataVersion":1},"x1":348,"y1":529,"x2":384,"y2":513,"r":255,"g":0,"b":0,"st":0},{"type":"Rectangle","text":"","font":{"name":"Verdana","style":1,"size":12,"pointSize":12.0,"fontSerializedDataVersion":1},"x1":563,"y1":322,"x2":528,"y2":302,"r":255,"g":255,"b":0,"st":0},{"type":"Rectangle","text":"","font":{"name":"Verdana","style":1,"size":12,"pointSize":12.0,"fontSerializedDataVersion":1},"x1":399,"y1":491,"x2":419,"y2":491,"r":255,"g":0,"b":0,"st":0},{"type":"Rectangle","text":"","font":{"name":"Verdana","style":1,"size":12,"pointSize":12.0,"fontSerializedDataVersion":1},"x1":474,"y1":303,"x2":467,"y2":298,"r":255,"g":255,"b":0,"st":0},{"type":"Rectangle","text":"","font":{"name":"Verdana","style":1,"size":12,"pointSize":12.0,"fontSerializedDataVersion":1},"x1":427,"y1":491,"x2":433,"y2":494,"r":255,"g":0,"b":0,"st":0},{"type":"Rectangle","text":"","font":{"name":"Verdana","style":1,"size":12,"pointSize":12.0,"fontSerializedDataVersion":1},"x1":427,"y1":259,"x2":427,"y2":255,"r":255,"g":255,"b":0,"st":0},{"type":"Rectangle","text":"","font":{"name":"Verdana","style":1,"size":12,"pointSize":12.0,"fontSerializedDataVersion":1},"x1":435,"y1":494,"x2":443,"y2":501,"r":255,"g":0,"b":0,"st":0},{"type":"Rectangle","text":"","font":{"name":"Verdana","style":1,"size":12,"pointSize":12.0,"fontSerializedDataVersion":1},"x1":438,"y1":245,"x2":452,"y2":236,"r":255,"g":255,"b":0,"st":0},{"type":"Rectangle","text":"","font":{"name":"Verdana","style":1,"size":12,"pointSize":12.0,"fontSerializedDataVersion":1},"x1":437,"y1":523,"x2":469,"y2":567,"r":255,"g":0,"b":0,"st":0},{"type":"Rectangle","text":"","font":{"name":"Verdana","style":1,"size":12,"pointSize":12.0,"fontSerializedDataVersion":1},"x1":458,"y1":231,"x2":474,"y2":227,"r":255,"g":255,"b":0,"st":0},{"type":"Rectangle","text":"","font":{"name":"Verdana","style":1,"size":12,"pointSize":12.0,"fontSerializedDataVersion":1},"x1":330,"y1":427,"x2":350,"y2":443,"r":255,"g":255,"b":0,"st":0},{"X":[410,410,412,416,419,425,433,444,451,462,470,481,490,500,509,518,523],"Y":[186,188,189,192,192,195,197,201,203,205,208,211,213,214,217,220,221],"type":"FreeLine","text":"","font":{"name":"Verdana","style":1,"size":12,"pointSize":12.0,"fontSerializedDataVersion":1},"x1":0,"y1":0,"x2":523,"y2":221,"r":255,"g":255,"b":0,"st":0},{"type":"Rectangle","text":"","font":{"name":"Verdana","style":1,"size":12,"pointSize":12.0,"fontSerializedDataVersion":1},"x1":379,"y1":449,"x2":393,"y2":456,"r":255,"g":255,"b":0,"st":0},{"X":[376,379,380,383,385,386,388,391,392],"Y":[118,123,129,134,136,139,142,147,148],"type":"FreeLine","text":"","font":{"name":"Verdana","style":1,"size":12,"pointSize":12.0,"fontSerializedDataVersion":1},"x1":0,"y1":0,"x2":392,"y2":148,"r":255,"g":255,"b":0,"st":0},{"X":[427,437,448,458,468,477,484,488,490],"Y":[191,199,207,214,220,226,230,232,234],"type":"FreeLine","text":"","font":{"name":"Verdana","style":1,"size":12,"pointSize":12.0,"fontSerializedDataVersion":1},"x1":0,"y1":0,"x2":490,"y2":234,"r":255,"g":255,"b":0,"st":0},{"type":"Rectangle","text":"","font":{"name":"Verdana","style":1,"size":12,"pointSize":12.0,"fontSerializedDataVersion":1},"x1":400,"y1":457,"x2":423,"y2":464,"r":255,"g":255,"b":0,"st":0},{"X":[470,459,446,434,424,417,409,404,396,391,388,385],"Y":[275,278,280,281,283,283,283,283,283,283,280,278],"type":"FreeLine","text":"","font":{"name":"Verdana","style":1,"size":12,"pointSize":12.0,"fontSerializedDataVersion":1},"x1":0,"y1":0,"x2":385,"y2":278,"r":255,"g":255,"b":0,"st":0},{"type":"Rectangle","text":"","font":{"name":"Verdana","style":1,"size":12,"pointSize":12.0,"fontSerializedDataVersion":1},"x1":435,"y1":460,"x2":464,"y2":435,"r":255,"g":255,"b":0,"st":0},{"X":[519,533,544,552,556,561,563,566,567,568,570,570,570],"Y":[216,215,215,215,215,216,217,220,223,226,232,239,247],"type":"FreeLine","text":"","font":{"name":"Verdana","style":1,"size":12,"pointSize":12.0,"fontSerializedDataVersion":1},"x1":0,"y1":0,"x2":570,"y2":247,"r":255,"g":255,"b":0,"st":0},{"type":"Rectangle","text":"","font":{"name":"Verdana","style":1,"size":12,"pointSize":12.0,"fontSerializedDataVersion":1},"x1":486,"y1":371,"x2":496,"y2":353,"r":255,"g":255,"b":0,"st":0},{"X":[490,483,477,474,470,467,462,456,445,427,405,376,347,320],"Y":[375,382,386,388,389,389,389,389,389,385,376,360,345,328],"type":"FreeLine","text":"","font":{"name":"Verdana","style":1,"size":12,"pointSize":12.0,"fontSerializedDataVersion":1},"x1":0,"y1":0,"x2":320,"y2":328,"r":255,"g":255,"b":0,"st":0},{"type":"Rectangle","text":"","font":{"name":"Verdana","style":1,"size":12,"pointSize":12.0,"fontSerializedDataVersion":1},"x1":505,"y1":341,"x2":542,"y2":336,"r":255,"g":255,"b":0,"st":0},{"X":[278,281,290,298,309,317,327,336,345,351,356,359,361],"Y":[268,265,261,256,253,250,249,248,246,245,244,243,242],"type":"FreeLine","text":"","font":{"name":"Verdana","style":1,"size":12,"pointSize":12.0,"fontSerializedDataVersion":1},"x1":0,"y1":0,"x2":361,"y2":242,"r":255,"g":255,"b":0,"st":0},{"type":"Rectangle","text":"","font":{"name":"Verdana","style":1,"size":12,"pointSize":12.0,"fontSerializedDataVersion":1},"x1":538,"y1":328,"x2":536,"y2":326,"r":255,"g":255,"b":0,"st":0},{"X":[304,312,322,332,344,356,369,381,391,395],"Y":[315,323,330,334,336,338,339,339,339,339],"type":"FreeLine","text":"","font":{"name":"Verdana","style":1,"size":12,"pointSize":12.0,"fontSerializedDataVersion":1},"x1":0,"y1":0,"x2":395,"y2":339,"r":255,"g":255,"b":0,"st":0},{"type":"Rectangle","text":"","font":{"name":"Verdana","style":1,"size":12,"pointSize":12.0,"fontSerializedDataVersion":1},"x1":534,"y1":325,"x2":534,"y2":321,"r":255,"g":255,"b":0,"st":0},{"type":"Rectangle","text":"","font":{"name":"Verdana","style":1,"size":12,"pointSize":12.0,"fontSerializedDataVersion":1},"x1":527,"y1":311,"x2":527,"y2":311,"r":255,"g":255,"b":0,"st":0},{"X":[599,600,601,602,602,602,597,590,581,561,540,517,494],"Y":[427,423,419,414,409,403,393,384,372,357,345,336,327],"type":"FreeLine","text":"","font":{"name":"Verdana","style":1,"size":12,"pointSize":12.0,"fontSerializedDataVersion":1},"x1":0,"y1":0,"x2":494,"y2":327,"r":0,"g":255,"b":0,"st":0},{"type":"Rectangle","text":"","font":{"name":"Verdana","style":1,"size":12,"pointSize":12.0,"fontSerializedDataVersion":1},"x1":527,"y1":310,"x2":527,"y2":310,"r":255,"g":255,"b":0,"st":0},{"type":"Rectangle","text":"","font":{"name":"Verdana","style":1,"size":12,"pointSize":12.0,"fontSerializedDataVersion":1},"x1":535,"y1":309,"x2":538,"y2":310,"r":255,"g":255,"b":0,"st":0},{"X":[428,441,457,474,493,518,538,566,590,611,626],"Y":[339,346,355,361,367,373,374,377,382,382,382],"type":"FreeLine","text":"","font":{"name":"Verdana","style":1,"size":12,"pointSize":12.0,"fontSerializedDataVersion":1},"x1":0,"y1":0,"x2":626,"y2":382,"r":0,"g":255,"b":0,"st":0},{"X":[468,449,438,431,423,414,407,402,396],"Y":[422,422,422,422,420,415,408,402,391],"type":"FreeLine","text":"","font":{"name":"Verdana","style":1,"size":12,"pointSize":12.0,"fontSerializedDataVersion":1},"x1":0,"y1":0,"x2":396,"y2":391,"r":0,"g":255,"b":0,"st":0},{"type":"Rectangle","text":"","font":{"name":"Verdana","style":1,"size":12,"pointSize":12.0,"fontSerializedDataVersion":1},"x1":533,"y1":305,"x2":565,"y2":297,"r":255,"g":255,"b":0,"st":0},{"X":[517,535,546,550,553,554,550,540],"Y":[367,370,374,376,377,378,380,380],"type":"FreeLine","text":"","font":{"name":"Verdana","style":1,"size":12,"pointSize":12.0,"fontSerializedDataVersion":1},"x1":0,"y1":0,"x2":540,"y2":380,"r":0,"g":255,"b":0,"st":0},{"type":"Rectangle","text":"","font":{"name":"Verdana","style":1,"size":12,"pointSize":12.0,"fontSerializedDataVersion":1},"x1":579,"y1":291,"x2":591,"y2":298,"r":255,"g":255,"b":0,"st":0}]