[{"type":"Rectangle","text":"","font":{"name":"Verdana","style":1,"size":12,"pointSize":12.0,"fontSerializedDataVersion":1},"x1":365,"y1":398,"x2":391,"y2":437,"r":255,"g":255,"b":0,"st":0},{"type":"Rectangle","text":"","font":{"name":"Verdana","style":1,"size":12,"pointSize":12.0,"fontSerializedDataVersion":1},"x1":478,"y1":451,"x2":487,"y2":443,"r":255,"g":255,"b":0,"st":0},{"type":"Rectangle","text":"","font":{"name":"Verdana","style":1,"size":12,"pointSize":12.0,"fontSerializedDataVersion":1},"x1":493,"y1":389,"x2":497,"y2":380,"r":255,"g":255,"b":0,"st":0},{"type":"Rectangle","text":"","font":{"name":"Verdana","style":1,"size":12,"pointSize":12.0,"fontSerializedDataVersion":1},"x1":475,"y1":370,"x2":328,"y2":536,"r":255,"g":255,"b":0,"st":0},{"type":"Rectangle","text":"","font":{"name":"Verdana","style":1,"size":12,"pointSize":12.0,"fontSerializedDataVersion":1},"x1":370,"y1":536,"x2":405,"y2":536,"r":255,"g":255,"b":0,"st":0},{"type":"Rectangle","text":"","font":{"name":"Verdana","style":1,"size":12,"pointSize":12.0,"fontSerializedDataVersion":1},"x1":431,"y1":483,"x2":434,"y2":447,"r":255,"g":255,"b":0,"st":0},{"type":"Rectangle","text":"","font":{"name":"Verdana","style":1,"size":12,"pointSize":12.0,"fontSerializedDataVersion":1},"x1":412,"y1":418,"x2":366,"y2":402,"r":255,"g":255,"b":0,"st":0},{"type":"Rectangle","text":"","font":{"name":"Verdana","style":1,"size":12,"pointSize":12.0,"fontSerializedDataVersion":1},"x1":305,"y1":382,"x2":293,"y2":381,"r":255,"g":255,"b":0,"st":0},{"type":"Rectangle","text":"","font":{"name":"Verdana","style":1,"size":12,"pointSize":12.0,"fontSerializedDataVersion":1},"x1":257,"y1":373,"x2":267,"y2":383,"r":255,"g":255,"b":0,"st":0},{"type":"Rectangle","text":"","font":{"name":"Verdana","style":1,"size":12,"pointSize":12.0,"fontSerializedDataVersion":1},"x1":278,"y1":382,"x2":313,"y2":375,"r":255,"g":255,"b":0,"st":0}]