[{"X":[228,229],"Y":[1,-1],"type":"FreeLine","text":"","font":{"name":"Verdana","style":1,"size":12,"pointSize":12.0,"fontSerializedDataVersion":1},"x1":0,"y1":0,"x2":229,"y2":-1,"r":255,"g":0,"b":0,"st":0},{"type":"Oval","text":"","font":{"name":"Verdana","style":1,"size":12,"pointSize":12.0,"fontSerializedDataVersion":1},"x1":167,"y1":291,"x2":549,"y2":476,"r":255,"g":0,"b":0,"st":0},{"type":"Oval","text":"","font":{"name":"Verdana","style":1,"size":12,"pointSize":12.0,"fontSerializedDataVersion":1},"x1":542,"y1":549,"x2":495,"y2":273,"r":255,"g":0,"b":0,"st":0},{"type":"Oval","text":"","font":{"name":"Verdana","style":1,"size":12,"pointSize":12.0,"fontSerializedDataVersion":1},"x1":425,"y1":258,"x2":647,"y2":476,"r":255,"g":0,"b":0,"st":0},{"type":"Oval","text":"","font":{"name":"Verdana","style":1,"size":12,"pointSize":12.0,"fontSerializedDataVersion":1},"x1":173,"y1":190,"x2":557,"y2":358,"r":255,"g":0,"b":0,"st":0},{"type":"Oval","text":"","font":{"name":"Verdana","style":1,"size":12,"pointSize":12.0,"fontSerializedDataVersion":1},"x1":66,"y1":133,"x2":432,"y2":338,"r":255,"g":0,"b":0,"st":0},{"type":"Oval","text":"","font":{"name":"Verdana","style":1,"size":12,"pointSize":12.0,"fontSerializedDataVersion":1},"x1":215,"y1":137,"x2":586,"y2":403,"r":255,"g":0,"b":0,"st":0},{"type":"Oval","text":"","font":{"name":"Verdana","style":1,"size":12,"pointSize":12.0,"fontSerializedDataVersion":1},"x1":406,"y1":116,"x2":743,"y2":474,"r":255,"g":0,"b":0,"st":0},{"type":"Oval","text":"","font":{"name":"Verdana","style":1,"size":12,"pointSize":12.0,"fontSerializedDataVersion":1},"x1":501,"y1":138,"x2":751,"y2":414,"r":255,"g":0,"b":0,"st":0},{"type":"Rectangle","text":"","font":{"name":"Verdana","style":1,"size":12,"pointSize":12.0,"fontSerializedDataVersion":1},"x1":239,"y1":112,"x2":457,"y2":314,"r":255,"g":255,"b":0,"st":0},{"type":"Rectangle","text":"","font":{"name":"Verdana","style":1,"size":12,"pointSize":12.0,"fontSerializedDataVersion":1},"x1":92,"y1":286,"x2":413,"y2":392,"r":255,"g":255,"b":0,"st":0},{"type":"Rectangle","text":"","font":{"name":"Verdana","style":1,"size":12,"pointSize":12.0,"fontSerializedDataVersion":1},"x1":339,"y1":341,"x2":316,"y2":316,"r":255,"g":255,"b":0,"st":0},{"type":"Rectangle","text":"","font":{"name":"Verdana","style":1,"size":12,"pointSize":12.0,"fontSerializedDataVersion":1},"x1":189,"y1":240,"x2":495,"y2":351,"r":255,"g":255,"b":0,"st":0},{"type":"Rectangle","text":"","font":{"name":"Verdana","style":1,"size":12,"pointSize":12.0,"fontSerializedDataVersion":1},"x1":222,"y1":119,"x2":281,"y2":166,"r":255,"g":255,"b":0,"st":0},{"type":"Rectangle","text":"","font":{"name":"Verdana","style":1,"size":12,"pointSize":12.0,"fontSerializedDataVersion":1},"x1":55,"y1":47,"x2":168,"y2":118,"r":255,"g":255,"b":0,"st":0},{"type":"Line","text":"","font":{"name":"Verdana","style":1,"size":12,"pointSize":12.0,"fontSerializedDataVersion":1},"x1":341,"y1":151,"x2":546,"y2":404,"r":255,"g":255,"b":0,"st":0},{"X":[117,124,131,141,158,177,199,245,291,333,380,424,464,489,512,528,537,543,551,552,555,556,557,560],"Y":[400,402,402,403,403,403,403,403,403,399,391,378,367,359,348,341,336,334,329,329,327,327,327,327],"type":"FreeLine","text":"","font":{"name":"Verdana","style":1,"size":12,"pointSize":12.0,"fontSerializedDataVersion":1},"x1":0,"y1":0,"x2":560,"y2":327,"r":255,"g":255,"b":0,"st":0}]