[{"type":"Line","text":"","font":{"name":"Verdana","style":1,"size":12,"pointSize":12.0,"fontSerializedDataVersion":1},"x1":123,"y1":107,"x2":449,"y2":264,"r":0,"g":0,"b":0,"st":0},{"type":"Line","text":"","font":{"name":"Verdana","style":1,"size":12,"pointSize":12.0,"fontSerializedDataVersion":1},"x1":123,"y1":107,"x2":449,"y2":264,"r":0,"g":0,"b":0,"st":0},{"type":"Line","text":"","font":{"name":"Verdana","style":1,"size":12,"pointSize":12.0,"fontSerializedDataVersion":1},"x1":338,"y1":387,"x2":666,"y2":204,"r":0,"g":0,"b":0,"st":0},{"type":"Line","text":"","font":{"name":"Verdana","style":1,"size":12,"pointSize":12.0,"fontSerializedDataVersion":1},"x1":338,"y1":387,"x2":666,"y2":204,"r":0,"g":0,"b":0,"st":0},{"type":"Rectangle","text":"","font":{"name":"Verdana","style":1,"size":12,"pointSize":12.0,"fontSerializedDataVersion":1},"x1":344,"y1":97,"x2":502,"y2":256,"r":0,"g":0,"b":0,"st":0},{"type":"Rectangle","text":"","font":{"name":"Verdana","style":1,"size":12,"pointSize":12.0,"fontSerializedDataVersion":1},"x1":344,"y1":97,"x2":502,"y2":256,"r":0,"g":0,"b":0,"st":0},{"type":"Rectangle","text":"","font":{"name":"Verdana","style":1,"size":12,"pointSize":12.0,"fontSerializedDataVersion":1},"x1":461,"y1":421,"x2":143,"y2":235,"r":0,"g":0,"b":0,"st":0},{"type":"Rectangle","text":"","font":{"name":"Verdana","style":1,"size":12,"pointSize":12.0,"fontSerializedDataVersion":1},"x1":461,"y1":421,"x2":143,"y2":235,"r":0,"g":0,"b":0,"st":0},{"type":"Oval","text":"","font":{"name":"Verdana","style":1,"size":12,"pointSize":12.0,"fontSerializedDataVersion":1},"x1":294,"y1":152,"x2":537,"y2":331,"r":0,"g":0,"b":0,"st":0},{"type":"Oval","text":"","font":{"name":"Verdana","style":1,"size":12,"pointSize":12.0,"fontSerializedDataVersion":1},"x1":294,"y1":152,"x2":537,"y2":331,"r":0,"g":0,"b":0,"st":0},{"type":"Oval","text":"","font":{"name":"Verdana","style":1,"size":12,"pointSize":12.0,"fontSerializedDataVersion":1},"x1":277,"y1":544,"x2":175,"y2":290,"r":255,"g":0,"b":0,"st":0},{"type":"Oval","text":"","font":{"name":"Verdana","style":1,"size":12,"pointSize":12.0,"fontSerializedDataVersion":1},"x1":277,"y1":544,"x2":175,"y2":290,"r":255,"g":0,"b":0,"st":0},{"type":"Oval","text":"","font":{"name":"Verdana","style":1,"size":12,"pointSize":12.0,"fontSerializedDataVersion":1},"x1":203,"y1":347,"x2":220,"y2":361,"r":255,"g":0,"b":0,"st":0},{"type":"Oval","text":"","font":{"name":"Verdana","style":1,"size":12,"pointSize":12.0,"fontSerializedDataVersion":1},"x1":203,"y1":347,"x2":220,"y2":361,"r":255,"g":0,"b":0,"st":0},{"type":"Oval","text":"","font":{"name":"Verdana","style":1,"size":12,"pointSize":12.0,"fontSerializedDataVersion":1},"x1":303,"y1":445,"x2":468,"y2":357,"r":255,"g":0,"b":0,"st":0},{"type":"Oval","text":"","font":{"name":"Verdana","style":1,"size":12,"pointSize":12.0,"fontSerializedDataVersion":1},"x1":303,"y1":445,"x2":468,"y2":357,"r":255,"g":0,"b":0,"st":0},{"type":"Oval","text":"","font":{"name":"Verdana","style":1,"size":12,"pointSize":12.0,"fontSerializedDataVersion":1},"x1":453,"y1":195,"x2":531,"y2":282,"r":255,"g":0,"b":0,"st":0},{"type":"Oval","text":"","font":{"name":"Verdana","style":1,"size":12,"pointSize":12.0,"fontSerializedDataVersion":1},"x1":453,"y1":195,"x2":531,"y2":282,"r":255,"g":0,"b":0,"st":0},{"X":[278,278,280,285,293,299,311,326,358,391,421,446,460,471,479,485,489,489,488,485,480,471,456,445,435,426,415,404,398,391,386,381,378,375,373,371,368,362,353,340,328,317,312,311,311,311,314,325,341,373,405,446,486,520,542,555,562,563,564,564,561,553,540,521,500,487,476,462,448],"Y":[222,223,226,231,239,247,255,265,276,286,294,302,307,311,315,317,319,320,321,323,326,331,340,347,360,369,383,399,414,427,439,450,460,466,473,475,475,473,467,458,448,442,437,434,432,430,424,419,414,406,401,397,390,387,387,387,387,387,387,388,392,397,406,413,421,430,438,447,458],"type":"FreeLine","text":"","font":{"name":"Verdana","style":1,"size":12,"pointSize":12.0,"fontSerializedDataVersion":1},"x1":0,"y1":0,"x2":0,"y2":0,"r":255,"g":0,"b":0,"st":0},{"X":[278,278,280,285,293,299,311,326,358,391,421,446,460,471,479,485,489,489,488,485,480,471,456,445,435,426,415,404,398,391,386,381,378,375,373,371,368,362,353,340,328,317,312,311,311,311,314,325,341,373,405,446,486,520,542,555,562,563,564,564,561,553,540,521,500,487,476,462,448],"Y":[222,223,226,231,239,247,255,265,276,286,294,302,307,311,315,317,319,320,321,323,326,331,340,347,360,369,383,399,414,427,439,450,460,466,473,475,475,473,467,458,448,442,437,434,432,430,424,419,414,406,401,397,390,387,387,387,387,387,387,388,392,397,406,413,421,430,438,447,458],"type":"FreeLine","text":"","font":{"name":"Verdana","style":1,"size":12,"pointSize":12.0,"fontSerializedDataVersion":1},"x1":0,"y1":0,"x2":0,"y2":0,"r":255,"g":0,"b":0,"st":0}]